"word";"F"
"Web";105
"SVM";39
"RDF";32
"We";32
"OLAP";28
"AFC";24
"Markov";22
"Galois";19
"EGC";18
"XML";18
"Analyse";16
"Data";16
"SOM";16
"The";16
"Données";15
"Big";14
"Bayésien";13
"France";13
"UCI";13
"XQuery";12
"KM";11
"However";10
"OWL";10
"Support";10
"ADN";9
"Kohonen";9
"Mining";9
"Twitter";9
"Apriori";8
"Concepts";8
"Knowledge";8
"LS-SVM";8
"P2P";8
"SGFD";8
"Analysis";7
"Clustering";7
"Cube";7
"ECD";7
"Émergent";7
"SIG";7
"With";7
"DF";6
"DTW";6
"Dynamic";6
"FCA";6
"Khiops";6
"Machine";6
"MapReduce";6
"SIFT";6
"This";6
"Time";6
"Vector";6
"ADT";5
"ARC";5
"Danscet";5
"Feature";5
"Framework";5
"Intelligence";5
"It";5
"MeSH";5
"MI";5
"NELL";5
"NPC";5
"OKM";5
"Poisson";5
"PSVM";5
"R";5
"RS-NDF";5
"Semantic";5
"Sémantique";5
"UML";5
"Usage";5
"ANR";4
"Bayes";4
"Bayesien";4
"BDG";4
"CNSS";4
"CRF";4
"DFC";4
"EM";4
"Ensemble";4
"FIA";4
"Filter";4
"First";4
"Google";4
"GPU";4
"ISAR";4
"ISICIL";4
"LICORN";4
"LSA";4
"Map";4
"Processing";4
"Quotient";4
"Relationnels";4
"RI";4
"SGBD";4
"Social";4
"SP";4
"SPARQL";4
"System";4
"These";4
"Tree";4
"Visual";4
"Warping";4
"AdaBoost";3
"AMO";3
"Bayesian";3
"Bayésienne";3
"BiTM";3
"Bloom";3
"Breiman";3
"CAH";3
"city";3
"Corese";3
"CPT";3
"D";3
"DBLP";3
"Detection";3
"Discovery";3
"Facebook";3
"FCM";3
"Fermé";3
"Formelle";3
"FPOF";3
"Français";3
"Gestion";3
"GRAAL";3
"Graph";3
"Hadoop";3
"IC-Doc";3
"Implicative";3
"Indeed";3
"Information";3
"IP";3
"Italy";3
"Jaccard";3
"K-means";3
"KNN";3
"Kolmogorov-Smirnov";3
"K-SC";3
"Language";3
"Marge";3
"MCA";3
"MF";3
"Model";3
"Moreover";3
"Most";3
"Multi";3
"Multidimensional";3
"Newman";3
"NextClosure";3
"NK";3
"NP-difficile";3
"NSVM";3
"Ontology";3
"Open";3
"Orange";3
"RàPC";3
"Recently";3
"Recherche";3
"Reuters-21578";3
"RFID";3
"Rough";3
"Scale";3
"Search";3
"Set";3
"Shannon";3
"SOCs";3
"Specifically";3
"SRI";3
"Structure";3
"SUMMARIZER";3
"TEI";3
"Therefore";3
"THR";3
"TOM";3
"Transform";3
"Tulip";3
"Using";3
"Vaste";3
"VSM";3
"Wikipédia";3
"WOKM";3
"Xa";3
"XLive";3
"Zipf";3
"ACF";2
"ACFS";2
"ACKA";2
"ACM";2
"AID";2
"ALD";2
"AMIEI";2
"AMS-EM";2
"Analytical";2
"Apache";2
"Aperture";2
"Approach";2
"Approximer-et-Pousser";2
"ArdansSas";2
"ARGs";2
"ARN";2
"ARQAT";2
"Artificial";2
"Asia";2
"ASP";2
"Association";2
"Attribués";2
"Audiovisuel";2
"Automatic";2
"B";2
"Bernstein";2
"Betti";2
"BIC";2
"Biclustering";2
"BS";2
"C3R";2
"C4";2
"Carlo";2
"CART";2
"CARTOCEL";2
"CASI";2
"CC";2
"Cellular";2
"Centroïd";2
"CHIC";2
"CISMeF";2
"CKIM";2
"Classification";2
"CLEF";2
"Closed";2
"CMP";2
"CommentsMiner";2
"Complex";2
"Connaissances";2
"Cooper-Herskovitz";2
"CoSC";2
"C-SPARQL";2
"CSTB";2
"CT-SVM";2
"CVSM";2
"DAG";2
"DataMining";2
"DBpédia";2
"DC";2
"DCA";2
"Defence";2
"Défi";2
"Delaunay";2
"Description";2
"DG";2
"Diday";2
"Dimensional";2
"DMV";2
"Document";2
"DT-CWT";2
"EI";2
"EIAH";2
"Euclidienne";2
"EveryWhere";2
"Exchange";2
"FA";2
"Factorielle";2
"Finally";2
"Fisher";2
"Flux";2
"FoDoMuSt";2
"Fonctionnelles";2
"Forest";2
"Formels";2
"Fouille";2
"frequency";2
"From";2
"Fscore";2
"Furthermore";2
"Géographiques";2
"GeoPKDD";2
"GHSOM";2
"Giannella";2
"GOF";2
"Graphes";2
"Gras";2
"G-Stream";2
"HCAViz";2
"HCI";2
"Hence";2
"Herman";2
"hierarchy";2
"Hilbert";2
"HMM";2
"Hoeffding";2
"HOG";2
"Homme";2
"IDF";2
"If";2
"INRIA";2
"Instead";2
"Inverse";2
"IRM";2
"IRMf";2
"Itemset";2
"JAVA";2
"K";2
"KDTW";2
"Keeping";2
"K-Spectral";2
"Large";2
"Latent";2
"LBSN";2
"LDA";2
"Learning";2
"Least-Squares";2
"Lesutilisateurs";2
"LibSVM";2
"Lobo";2
"Louvain";2
"Luxembourg";2
"Mangasarian";2
"Many";2
"MAP";2
"Massive";2
"Medline";2
"ML";2
"Mndki2";2
"Mo";2
"Modèles";2
"MODL";2
"Monte";2
"MTR";2
"NDF";2
"NEXI";2
"NoSQL";2
"Notreapproche";2
"Notreobjectif";2
"Nousproposons";2
"Nowadays";2
"Numao";2
"Ocelet";2
"OCGL";2
"Often";2
"OKMED";2
"On-Line";2
"OpAC";2
"Organizing";2
"Overlapping";2
"P";2
"PAKDD";2
"Panel";2
"Pareto";2
"Paris";2
"PCO";2
"PC-P4";2
"Peano";2
"PGR";2
"PLCM";2
"PLI";2
"PoBOC";2
"POI";2
"Poitrenaud";2
"PORGY";2
"PPC";2
"PPM";2
"Protein";2
"QR";2
"QuantMiner";2
"Quezao";2
"RA";2
"Radar";2
"RAIL";2
"RAM";2
"Random";2
"RankMerging";2
"RaPC";2
"RBF";2
"RDFS";2
"Repository";2
"Research";2
"Réseau";2
"Retroweb";2
"RGCCA";2
"Ringnorm";2
"ROC";2
"Rocchio";2
"RosettaDock";2
"SAX";2
"Scaling";2
"SdV";2
"SECM";2
"Self";2
"Series";2
"Shasha";2
"Sherman-Morrison-Woodbury";2
"SIAD";2
"Simple";2
"Simultaneous";2
"Skin3D";2
"SKYLINE";2
"SMA";2
"SNSs";2
"SoCo";2
"SOLAP";2
"SomeRDFS";2
"SOP";2
"SPAMS";2
"Spatial";2
"SPO";2
"SPSF";2
"SQL";2
"SQR";2
"SSVC";2
"Stack";2
"STATIS";2
"Statistique";2
"ST-SURF";2
"Student";2
"Surgical";2
"Suykens";2
"SV";2
"SVMs";2
"Symbolic";2
"Synthetic";2
"Systems";2
"TA";2
"TAL";2
"TCA";2
"Telecom";2
"Textuelles";2
"Thau";2
"Then";2
"There";2
"Thispaper";2
"Tikhonov";2
"Today";2
"Topological";2
"TourneBool";2
"TreeMap";2
"Twonorm";2
"Unicode";2
"Unlike";2
"Vandewalle";2
"variety";2
"VDM";2
"VectorMachine";2
"VisuGraph";2
"von";2
"Voronoi";2
"Vraisemblance";2
"W3C";2
"we";2
"WebAngels";2
"Wikipedia";2
"WordNet";2
"Xi";2
"Xplor";2
"Zhu";2
"3GHz";1
"AB";1
"A-Box";1
"ACA";1
"Acabit";1
"ACCORDS";1
"ACI";1
"Acquisition";1
"ACR";1
"ACT";1
"Actually";1
"Adaptés";1
"Additionally";1
"ADNlocaux";1
"ADS";1
"Adult";1
"AFCest";1
"Against";1
"Agent";1
"Agents";1
"AGG";1
"Agglomerative-Clustering";1
"Aggregate";1
"Agrawal";1
"Agrégation";1
"Aided";1
"Airoldi";1
"Alceste";1
"Aléatoires";1
"Algorithm";1
"Alignment";1
"All";1
"All-k-order";1
"All-K-order";1
"ALN";1
"Alpes";1
"Also";1
"Although";1
"Analogue";1
"Analyses";1
"AnalysisProcessing";1
"Analytics";1
"Ancien";1
"Annotation";1
"AnnotEv";1
"Anonymous";1
"ANOVA";1
"ANR-DFG";1
"Ans";1
"AntGraph";1
"AntTree";1
"Apprentissage";1
"Approche";1
"Arcelor";1
"Ardans";1
"Ardansdans";1
"AREVA";1
"ARIMA";1
"Arles";1
"Armstrong";1
"Articque";1
"Artificielle";1
"Aspect";1
"Associated";1
"Atanorqui";1
"ATHANOR";1
"Atlantique";1
"ATM";1
"ATR";1
"Attributs";1
"AUC";1
"Audit";1
"Automata";1
"Automaton";1
"Auto-Organisatrice";1
"AutoRegressiveIntegrated";1
"Average";1
"AWSDL";1
"B1";1
"Bag-of-visual-Words";1
"Balanced";1
"Banerjee";1
"Bank";1
"Based";1
"Bases";1
"Basis";1
"Basse";1
"BATM";1
"Bayeset";1
"Bayesienne";1
"Bayesiennede";1
"BCT";1
"BEA";1
"Beam";1
"Benchmark";1
"Bennani";1
"Beth";1
"BFS";1
"BGP";1
"Bhattacharyya";1
"BI";1
"Billard";1
"Binary";1
"Bio";1
"BioNLP";1
"BIOTIM";1
"BIRADS";1
"BIRCH";1
"Birkhoff";1
"BJT4R";1
"Blachon";1
"Block";1
"BM²L";1
"Bn";1
"BN";1
"Bologna";1
"B-Ontology";1
"BooLoader";1
"Boosting";1
"BOOTSTRAP";1
"Bordat's";1
"Borgne";1
"Both";1
"Bouché";1
"Brazil";1
"Breadth-First";1
"Broad";1
"BrownBoost";1
"BS_DF";1
"Bunn";1
"Business";1
"Cabanes";1
"CACM";1
"CAF";1
"Cahier";1
"Caisse";1
"Caltech";1
"Caltech-4";1
"Calvelo";1
"Cameroun";1
"Canada";1
"Carte";1
"CARTégal";1
"Cartes";1
"CartesAuto-Organisatrices";1
"CARTOgraphiesCELlulaires";1
"Carvalho";1
"Cas";1
"Cassandra";1
"Categorical";1
"CBIR";1
"CBOR";1
"CB-SVM";1
"CD7Online";1
"CDCStream";1
"CDS";1
"Cecoefficient";1
"Cenouvel";1
"Cent";1
"Ce-pendant";1
"Cepen-dant";1
"Cependent";1
"Cesparadigmes";1
"Cetarticle";1
"Cetopérateur";1
"CHAIN";1
"Chains";1
"Change";1
"Characteristics";1
"Chen";1
"Chi";1
"Chi2";1
"Chi-Merge";1
"Chodorow";1
"Choquet";1
"Chow";1
"CIGA";1
"Citeseer";1
"CiteSeer";1
"CITREC";1
"Citroën";1
"Class-Feature-Centroid";1
"Classifi-cation";1
"Classifier";1
"Cleuziou";1
"Cloud";1
"Clowdflows";1
"CluStream";1
"C-Means";1
"CND-Cube";1
"Cognitive";1
"Cohésitive";1
"Coli";1
"Collaborateurs";1
"Collaboratif";1
"Columbia";1
"Communications";1
"Communities";1
"Community";1
"Competency";1
"Competitive";1
"Component";1
"Composantes";1
"ComposantesPrincipales";1
"Composer";1
"Computer";1
"Concept";1
"Conceptual";1
"Conditional";1
"Conditionnelles";1
"Conferences";1
"Consequently";1
"Considine";1
"Console";1
"Constraint";1
"Content";1
"Contentand";1
"Contextuelle";1
"Continuous";1
"Contraposée";1
"CONTRAST";1
"COO";1
"Cooperative";1
"COPAC";1
"Coresesont";1
"Correspondances";1
"Cor-respondances";1
"Correspondence";1
"Cost-SensitiveOne";1
"Course";1
"Courses";1
"Covertype";1
"CoViz";1
"CPU";1
"CPUet";1
"CQELS";1
"CQL";1
"Cracovie";1
"Craven";1
"Créteil";1
"CRM";1
"CrTM";1
"CSG";1
"CSOAA";1
"CSPs";1
"CSVM";1
"CSVW";1
"Curie";1
"Cuvelier";1
"D113";1
"D3KODE";1
"Daroczy";1
"Database";1
"dataset";1
"Dataset";1
"DataStreams";1
"Davies-Bouldin";1
"DB";1
"DBMS";1
"DBpedia";1
"De";1
"Decision";1
"Decomposition";1
"Découvrir";1
"DEFT";1
"DEICO";1
"Delicious";1
"Delivery";1
"Delve";1
"DEMON";1
"Dengue";1
"Density-based";1
"Dépendances";1
"Deplus";1
"Dhillon";1
"Difference";1
"discovery";1
"Disco-very";1
"Dissimilarité";1
"Diviser";1
"DL";1
"DM";1
"DNA";1
"Domaine";1
"Draix";1
"Dresde";1
"DSMS";1
"DSRT";1
"Dual-Tree";1
"Dublin";1
"DUC";1
"Durance";1
"duseuil";1
"DVD";1
"DyKOSMap";1
"DynamicTimeWarping";1
"Dynamo";1
"Early";1
"EBR";1
"EC2Sky";1
"ECBD";1
"ECC";1
"Eclat";1
"EEG";1
"Efficacity";1
"Efficient";1
"Émergentmais";1
"Emotionnels";1
"Encoding";1
"Enfinl'article";1
"Enrichment";1
"Entities";1
"ENVI";1
"Environment";1
"Environnement";1
"EP-SPARQL";1
"Equilibrée";1
"Escherichia";1
"Esper";1
"Europe";1
"Euroscientia";1
"Evolving";1
"Examples";1
"Existing";1
"Expectation";1
"Expertise";1
"Explorer";1
"F";1
"Factor";1
"Falciparum";1
"Faloutsos";1
"FAQ";1
"FAST-MGB";1
"Fayyad-Irani";1
"FBR-BiTM";1
"FCL";1
"FDD";1
"Features";1
"Few";1
"field";1
"Finding";1
"FlickR";1
"FLMin";1
"FLWOR";1
"F-max";1
"F-mesure";1
"F-Mesurede";1
"FODOMUST";1
"FOL";1
"Following";1
"Formal";1
"Formelsest";1
"Francophones";1
"French-English";1
"Frequency";1
"Frequent";1
"Fresneau";1
"Friedman";1
"Function";1
"Fung";1
"Further";1
"FUSBIN";1
"FUSINTER";1
"Fuzzy";1
"FXTM";1
"Gabriel";1
"Galax";1
"Gamma";1
"Ganter";1
"Ganter's";1
"Gartner";1
"Gas";1
"Gâteaux";1
"GDB";1
"Gene";1
"Généralisée";1
"Généralisés";1
"Génératif";1
"Generation";1
"Generative";1
"Generatoret";1
"GENIA";1
"GEOdoc";1
"Geographic";1
"GeOnto";1
"GERMEN";1
"Ghosh";1
"GHz";1
"Gini";1
"Gini's";1
"Github";1
"Glowny";1
"GNG";1
"Go";1
"Goc";1
"Good";1
"Google-Scholar";1
"Govaert";1
"GPECC";1
"GPS";1
"GPUs";1
"GRACE";1
"Gram";1
"GramLab";1
"Gram-Lab";1
"Grand";1
"Granulaire";1
"Graphics";1
"GRDDL";1
"Green";1
"Grenoble";1
"GRH";1
"Group";1
"Groupes";1
"Growing";1
"GSP";1
"GTM";1
"Guillet";1
"HAL";1
"Hamming";1
"Harnessing";1
"Hasn't";1
"Haute";1
"Hbase";1
"H-CRF";1
"Headings";1
"Heikinheimo";1
"Hellinger";1
"Henri";1
"HERBS";1
"Herrmann";1
"Hierarchies";1
"Hiérarchique";1
"High-dimensional";1
"Hilbert-Peano";1
"Histobase";1
"Ho";1
"Hofmann";1
"Homme-machine";1
"Homogènes";1
"Hôpital";1
"Hotspots";1
"Hough";1
"How";1
"HTTP";1
"Humain";1
"Humaines";1
"Huma-Num";1
"Hybride";1
"Hygiène";1
"Hypercarte";1
"HyperSmooth";1
"Hyperspace";1
"Hypertopic";1
"Hypervolumes";1
"I'll";1
"IAD";1
"IBTrACS";1
"ICDM";1
"ICM";1
"Identification";1
"IDentification";1
"Identifying";1
"Idéo2017";1
"IDkF";1
"IDS";1
"IJCAI";1
"IJuvre";1
"Ilest";1
"ILP";1
"IM";1
"Image";1
"ImageCLEF";1
"Images";1
"IMAGIWEB";1
"IMDb";1
"Indigo";1
"Induction";1
"InductionProgressive";1
"Industries";1
"INERIS";1
"Informationnel";1
"Infrastructure";1
"Inhérent";1
"INIST";1
"Initiative";1
"Inria";1
"INSPEC";1
"Institute";1
"INSYSE";1
"Int";1
"Integrated";1
"Interactifspour";1
"Interactive";1
"Interestingness";1
"Interface";1
"Internationaloù";1
"Invariant";1
"IO";1
"IR";1
"Ireland";1
"Is";1
"ISC";1
"Isomap";1
"Iterated";1
"Iterative";1
"Its";1
"J";1
"Jaunes";1
"Java";1
"Jegou";1
"Jones";1
"JRA-25";1
"JSON";1
"Jungermann";1
"Karakatsani";1
"KD-Ariane";1
"KDD";1
"KDD_99";1
"KDDCup";1
"KDD-CUP-98";1
"KDMs";1
"K-DSS";1
"Kent";1
"Keogh";1
"Kernel";1
"KGRAMimplémente";1
"Khi2";1
"Khi-carré";1
"Killer";1
"K-Means";1
"KMGR";1
"K-moyennes";1
"K-Moyennes";1
"Kmoyennesstandard";1
"Knobbe";1
"Kodratoff";1
"Kolda";1
"K-PCA";1
"Kryszkiewicz";1
"Kullback-Leibler";1
"Kumamoto";1
"Kuznetsov";1
"Labs";1
"Lagrange";1
"Lamodélisation";1
"Lamop";1
"Lance";1
"Latente";1
"LATEXavec";1
"LCH";1
"LCM";1
"Leacock";1
"LearningChallenge";1
"Least";1
"LeCube";1
"LEM";1
"Lemur";1
"Leprésent";1
"Lescommunautés";1
"Lesséquences";1
"Levenstein";1
"LFR";1
"Liens";1
"Linéaire";1
"Linéaires";1
"Lining";1
"LNCS";1
"LOCAL-GENERATOR";1
"LocusLink";1
"LOD";1
"Logiciel";1
"Logique";1
"Log-Loss";1
"LP";1
"Luminance";1
"Lyon";1
"Lz78";1
"M2S_CD";1
"MAB";1
"Machinery";1
"Machines";1
"Maeda";1
"Mahout";1
"MAI2P";1
"Maker";1
"Malaria";1
"Management";1
"Mannila";1
"Mapping";1
"Mapreduce";1
"Maps";1
"markov";1
"Marne-la-Vallée";1
"MASK";1
"Matériaux";1
"MaxEnt";1
"Maximisation";1
"Max-Min";1
"Mballo";1
"McKee";1
"MCMC";1
"MCTS";1
"MDLPC";1
"MDX";1
"ME";1
"Measuring";1
"MEAT";1
"MediaD";1
"Medical";1
"MedicalDataset";1
"Médicaux";1
"Méthodes";1
"Methontology";1
"Methuen";1
"metro";1
"Metz";1
"MeV";1
"Miami";1
"Microeconomics";1
"Milan";1
"MINIFUZZY";1
"Minimisation";1
"Ministère";1
"Mises";1
"ML-kNN";1
"MLN";1
"MLNs";1
"MNIST";1
"Mobility";1
"MOC";1
"Modeling";1
"Models";1
"Modes";1
"Moen";1
"Monde";1
"Mondor";1
"Monitoring";1
"MOOC";1
"MOOCs";1
"Moore";1
"Morceaux";1
"Morik";1
"Morik2008";1
"Motameny";1
"Moving";1
"Much";1
"MUCHMORE";1
"Multilingue";1
"Multimédia";1
"MuMTree";1
"My";1
"Naive";1
"Named";1
"Nasopharynx";1
"Naturel";1
"Naturelle";1
"Nautilus";1
"Ndc";1
"NDC";1
"Nearest";1
"Négatives";1
"Netflix";1
"Networks";1
"Networksand";1
"Neural";1
"Neuro-Symbolic";1
"New";1
"Newman-Girvan";1
"NEWSREEL";1
"Newton";1
"Newton-GSVM";1
"NIST";1
"Nistér-Stewénius";1
"NLP";1
"NMF";1
"Noël";1
"Noirhomme-Fraiture";1
"Nommées";1
"Normalisée";1
"Nosexpérimentations";1
"Notreoutil";1
"Nousmontrerons";1
"Nousnous";1
"Nousprésentons";1
"Novelty";1
"NoveltyDetection";1
"NTGSP";1
"NTIC";1
"Obiedkov";1
"Observox";1
"OEP";1
"Ohsumed";1
"OIL";1
"OKMEDet";1
"Olap";1
"One";1
"Online";1
"OnLine";1
"On-line";1
"ONTOAST";1
"OntoBiotope";1
"OntoCartoRules";1
"Ontologie";1
"OpenJUMP";1
"OpenOnline";1
"OpenStreetMap";1
"Opérateur";1
"Operating";1
"Optimisation";1
"OPVD";1
"Oracle";1
"Order";1
"Ordonnés";1
"OSF";1
"OSOM";1
"OTB";1
"Ov";1
"OWL-";1
"OWL-DL";1
"OWL-Lite";1
"PageRank";1
"Pages";1
"PAM";1
"PAN-CLEF";1
"Paris-Est";1
"PAR-MC-LR";1
"Partir";1
"Part-of-speech";1
"PASCAL";1
"Patent";1
"Patternator";1
"PDA";1
"PDB";1
"Peerus";1
"Personalization";1
"PersoRec";1
"P-ETL";1
"Peugeot";1
"Picardi";1
"PICSEL";1
"Pilaszy";1
"PKDD";1
"PlanetP";1
"Plasmodium";1
"PMMS";1
"Polarsys";1
"Pole-Based";1
"Polynomial";1
"Pondéré";1
"POS";1
"Positives";1
"Potenza";1
"POVA";1
"Pragmatisée";1
"Predicting";1
"Preferred";1
"PrefixSpan";1
"Press";1
"PretopoLib";1
"Previously";1
"Prévisionnelle";1
"Principal";1
"Principales";1
"Principles";1
"PRiSM";1
"Privacy-Aware";1
"Privacy-preserving";1
"Problems";1
"Process";1
"ProcessModel";1
"Processus";1
"ProcOpe";1
"Prolog";1
"Proportion";1
"ProsoGraph";1
"ProsoMap";1
"Provence";1
"Province";1
"Proximal";1
"PSS";1
"PST";1
"Ptree";1
"P-tree";1
"PubMed";1
"Push";1
"Pushout";1
"Python";1
"QHSE";1
"QTIAPriori";1
"QTIPrefixSpan";1
"Qualité";1
"Quality";1
"Quentin's";1
"Query";1
"Question-Réponse";1
"R2RML";1
"Radial";1
"Radio";1
"RankSVM";1
"RAPN";1
"Rational";1
"RBD";1
"RBF-Gene";1
"RC";1
"RCV1-binary";1
"RDBToOnto1";1
"Receiver";1
"Récitsde";1
"Recognition";1
"RECORDS";1
"Reduce";1
"Reducing";1
"Reference";1
"Régis";1
"Relatifs";1
"Relationnelle";1
"Relevance";1
"Relevanceusing";1
"REN";1
"RepaMiner";1
"Repositories";1
"Representation-based";1
"Réseaudes";1
"RESERVOIRet";1
"Réunion";1
"Review";1
"Re-Watch";1
"Rhône";1
"RIAM";1
"Richard";1
"RICSH";1
"Ridge";1
"Riloff";1
"RIM";1
"Rio";1
"Risque";1
"Risques";1
"RISques";1
"Ritschard";1
"RML";1
"Roessler";1
"Rose";1
"Rp";1
"RPgraph";1
"RTAXON";1
"RTO";1
"Rynek";1
"S2L-SOM";1
"SaaS";1
"Sachem";1
"SAFFIETqui";1
"SAGEO";1
"SAMARAH";1
"SArEM";1
"Satelli-taire";1
"Satellite";1
"Satisfaction";1
"Saturation";1
"SAUPODOC";1
"Saxon";1
"Scale-Invariant";1
"ScalingNextClosure";1
"Sciences";1
"SCOP";1
"Screenwriting";1
"SD";1
"SDB";1
"SDET";1
"SDIs";1
"SDM";1
"Searchingfor";1
"Sécurité";1
"SeeMe";1
"Self-Organizing";1
"SEmantique";1
"SemEval";1
"Semi-Supervised";1
"Séparateur";1
"Sequence";1
"Sequential";1
"Séquentielle";1
"Séries";1
"Services";1
"SGBDR";1
"Shapelets";1
"SharedSpecificity";1
"Sharing";1
"Shift";1
"SHIRI";1
"SHS";1
"SIA";1
"SIFTs";1
"SIGsont";1
"Simplicial";1
"SimTOLE";1
"SIRENE";1
"SIST";1
"Sites";1
"SITS";1
"Sivic";1
"Skeleton";1
"Sky";1
"SKYCUBE";1
"Slashdot";1
"SMO";1
"SNOW";1
"So";1
"SOAR";1
"Sociales";1
"Software";1
"Sonfonctionnement";1
"Sorted";1
"So-Tree";1
"Source";1
"SPA";1
"Space";1
"Space-Time";1
"Spark";1
"SPARKWAVE";1
"SPARQLGenerate";1
"SPARQL-Generate";1
"SPARQLn'inclut";1
"SPARQLstream";1
"Sparse";1
"SPCE";1
"Speed";1
"SPEEDYFUZZY";1
"SPM";1
"Springer-Verlag";1
"SQE";1
"Squares";1
"SRC";1
"Srikant";1
"Stanalyst";1
"STARCRAFT";1
"Stattner";1
"STI";1
"STIS";1
"STMicroelectronics";1
"STONE";1
"Storm";1
"Story";1
"STPCA";1
"Strasbourg";1
"Stream";1
"STREAM";1
"StreamSamp";1
"Style";1
"Subercaze";1
"Subgroup";1
"Subject";1
"Subspace";1
"Such";1
"Sugeno";1
"Suisse";1
"Summarizer";1
"Sun";1
"Super";1
"SURF";1
"Survival";1
"Suzuki";1
"SVM-perf";1
"SWA";1
"SweetWiki";1
"SWRL";1
"SYGFRAN";1
"Symboliques";1
"SYntaxe";1
"Syntex";1
"Syscolag";1
"Systèmesde";1
"T";1
"Target";1
"Taux";1
"TaxoMap";1
"TCat";1
"TCP";1
"TDAG";1
"TDHC";1
"Technologies";1
"Teinte";1
"Télécom";1
"TelegraphCQ";1
"Temporelles";1
"Tendance";1
"Teng";1
"Term";1
"Terminae";1
"TERMINAE";1
"Terrier";1
"Test";1
"Tétralogie";1
"Teximus";1
"Text";1
"Text2Geo";1
"Textdans";1
"Textual";1
"TFIDF";1
"TF-IDF";1
"Thèmes";1
"Thereby";1
"Theseissues";1
"Thesetechniques";1
"Thestudy";1
"Thus";1
"TIGR";1
"Tijus";1
"Tilted";1
"Times";1
"TimeWarping";1
"TimeWindows";1
"Titanic";1
"TMD-MINER";1
"ToIP";1
"Toivonen";1
"TooCoM";1
"Tool";1
"TOpic";1
"Topics";1
"Topographic";1
"Torino";1
"Tosolve";1
"TOTALLYFUZZY";1
"Totem";1
"Toussaint";1
"TraMineR";1
"Transcriptome";1
"Transmute";1
"TREC";1
"TrèsGrande";1
"Trèsrécemment";1
"Trie-itemset";1
"TRIZ";1
"Tropes-Zoom";1
"Tsamardinos";1
"TTW";1
"Tuple";1
"Two";1
"Twolevel";1
"Two-Level";1
"UMLS";1
"Understanding";1
"Une";1
"UnexpectedMiner";1
"UNIFORM";1
"Unitex";1
"Units";1
"Unprototype";1
"UpRobust";1
"USA";1
"USER";1
"V_structures";1
"Valeur";1
"Vapnik";1
"Variable";1
"VasteMarge";1
"Vecteur";1
"VectorMachines";1
"Verbe-Objet";1
"Vernaculaire";1
"Vie";1
"Visualization";1
"Vladimir";1
"VM";1
"VMMatériaux";1
"Voisins";1
"Vrac";1
"Wages";1
"Ward";1
"Wasserstein";1
"Wa-velet";1
"WAVES";1
"WCUM";1
"Web-based";1
"WebdocEnrich";1
"Weblex";1
"Webmarksqui";1
"WebSémantique";1
"Wefocus";1
"Wefocused";1
"Weighted-OKM";1
"WEKA";1
"Weron";1
"What";1
"While";1
"Why";1
"Wide";1
"WikipediaViz";1
"Wilcoxon-Mann-Whitney";1
"Williams";1
"Witness";1
"Wold";1
"Woodbury";1
"Word";1
"Wordmapper";1
"Wordnet";1
"World";1
"WorldView-2";1
"WSDL";1
"Xb";1
"XEWGraph";1
"XMLde";1
"XPath";1
"XSPARQL";1
"XXème";1
"Y";1
"Yago";1
"YAGO";1
"Yahoo";1
"Ye";1
"York";1
"Zahn-Condorcet";1
"Zighed";1
