id,annee
article_1,2015
article_2,2014
article_3,2014
article_4,2015
article_5,2015
article_6,2014
article_7,2015
article_8,2015
article_9,2014
article_10,2014
article_11,2015
article_12,2015
article_13,2014
article_14,2015
article_15,2015
article_16,2015
article_17,2014
article_18,2015
article_19,2015
article_20,2015
article_21,2014
article_22,2014
article_23,2015
article_24,2015
article_25,2014
article_26,2015
article_27,2015
article_28,2015
article_29,2014
article_30,2015
article_31,2014
article_32,2015
article_33,2015
article_34,2014
article_35,2014
article_36,2015
article_37,2015
article_38,2014
article_39,2015
article_40,2015
article_41,2015
article_42,2014
article_43,2014
article_44,2015
article_45,2015
article_46,2014
article_47,2015
article_48,2015
article_49,2014
article_50,2014
article_51,2015
article_52,2015
article_53,2014
article_54,2015
article_55,2014
article_56,2015
article_57,2015
article_58,2014
article_59,2015
article_60,2014
article_61,2014
article_62,2014
article_63,2015
article_64,2015
article_65,2015
article_66,2014
article_67,2015
article_68,2014
article_69,2014
article_70,2015
article_71,2015
article_72,2014
article_73,2014
article_74,2014
article_75,2015
article_76,2015
article_77,2015
article_78,2014
article_79,2015
article_80,2014
article_81,2014
article_82,2015
article_83,2014
article_84,2015
article_85,2014
article_86,2015
article_87,2014
article_88,2015
article_89,2015
article_90,2015
article_91,2015
article_92,2015
article_93,2015
article_94,2015
article_95,2014
article_96,2015
article_97,2015
article_98,2015
article_99,2014
article_100,2015
article_101,2014
article_102,2015
article_103,2015
article_104,2014
article_105,2015
article_106,2015
article_107,2014
article_108,2015
article_109,2014
article_110,2014
article_111,2014
article_112,2014
article_113,2015
article_114,2015
article_115,2014
